{
  "model": "meta-llama/Llama-3.1-8B-Instruct",
  "mode": "nli_eda",
  "table1": {
    "nli_eda": {
      "seed": 42,
      "zeroshot_detail": {
        "arc_challenge": 55.400000000000006,
        "arc_easy": 78.60000000000001,
        "boolq": 84.2,
        "piqa": 83.39999999999999,
        "hellaswag": 70.39999999999999,
        "openbookqa": 44.6,
        "lambada_openai": 73.2,
        "winogrande": 73.8
      },
      "arc_challenge": 55.400000000000006,
      "_done": [
        "arc_challenge",
        "arc_easy",
        "boolq",
        "hellaswag",
        "lambada_openai",
        "openbookqa",
        "piqa",
        "winogrande"
      ],
      "arc_easy": 78.60000000000001,
      "boolq": 84.2,
      "piqa": 83.39999999999999,
      "hellaswag": 70.39999999999999,
      "openbookqa": 44.6,
      "lambada_openai": 73.2,
      "winogrande": 73.8,
      "mmlu": null,
      "gsm8k": null,
      "humaneval": null,
      "zeroshot_avg": 70.44999999999999,
      "_complete": true
    }
  }
}