{
  "model": "meta-llama/Llama-3.2-3B-Instruct",
  "mode": "nli",
  "table1": {
    "nli": {
      "mmlu": 62.270331861558184,
      "gsm8k": null,
      "humaneval": 48.170731707317074,
      "zeroshot_avg": 64.43712334766485,
      "wikitext2_ppl": 9.637892723083496,
      "zeroshot_detail": {
        "arc_challenge": 46.160409556313994,
        "arc_easy": 70.70707070707071,
        "boolq": 78.77675840978593,
        "piqa": 76.87704026115343,
        "hellaswag": 71.56940848436565,
        "openbookqa": 39.0,
        "lambada_openai": 64.29264506112943,
        "winogrande": 68.11365430149961
      }
    }
  }
}