{
  "model": "meta-llama/Llama-3.2-3B-Instruct",
  "mode": "baseline",
  "table1": {
    "baseline": {
      "mmlu": 62.28457484688791,
      "gsm8k": null,
      "humaneval": 48.78048780487805,
      "zeroshot_avg": 64.69783827366135,
      "wikitext2_ppl": 9.62905502319336,
      "zeroshot_detail": {
        "arc_challenge": 46.160409556313994,
        "arc_easy": 71.04377104377105,
        "boolq": 78.868501529052,
        "piqa": 77.04026115342764,
        "hellaswag": 71.62915753833897,
        "openbookqa": 39.2,
        "lambada_openai": 64.81661168251503,
        "winogrande": 68.82399368587214
      }
    }
  }
}