{
  "model": "meta-llama/Llama-3.2-3B-Instruct",
  "mode": "nn_lut_256",
  "table1": {
    "nn_lut_256": {
      "wikitext2_ppl": 9.575435638427734,
      "_done": [
        "arc_challenge",
        "arc_easy",
        "boolq",
        "gsm8k",
        "hellaswag",
        "humaneval",
        "lambada_openai",
        "mmlu",
        "openbookqa",
        "piqa",
        "ppl",
        "winogrande"
      ],
      "zeroshot_detail": {
        "arc_challenge": 46.41638225255973,
        "arc_easy": 70.53872053872054,
        "boolq": 77.79816513761469,
        "piqa": 76.93144722524482,
        "hellaswag": 71.61919936267675,
        "openbookqa": 39.0,
        "lambada_openai": 64.11798952066758,
        "winogrande": 68.58721389108129
      },
      "mmlu": 61.72909841902863,
      "gsm8k": null,
      "humaneval": 47.5609756097561,
      "arc_challenge": 46.41638225255973,
      "arc_easy": 70.53872053872054,
      "boolq": 77.79816513761469,
      "piqa": 76.93144722524482,
      "hellaswag": 71.61919936267675,
      "openbookqa": 39.0,
      "lambada_openai": 64.11798952066758,
      "winogrande": 68.58721389108129,
      "zeroshot_avg": 64.37613974107067,
      "_complete": true
    }
  }
}