{
  "model": "meta-llama/Llama-3.2-3B-Instruct",
  "mode": "nn_lut",
  "table1": {
    "nn_lut": {
      "wikitext2_ppl": 976744.875,
      "_done": [
        "arc_challenge",
        "arc_easy",
        "boolq",
        "gsm8k",
        "hellaswag",
        "humaneval",
        "lambada_openai",
        "mmlu",
        "openbookqa",
        "piqa",
        "ppl",
        "winogrande"
      ],
      "zeroshot_detail": {
        "arc_challenge": 25.51194539249147,
        "arc_easy": 25.673400673400675,
        "boolq": 60.0611620795107,
        "piqa": 51.36017410228509,
        "hellaswag": 26.120294761999602,
        "openbookqa": 29.799999999999997,
        "lambada_openai": 0.0,
        "winogrande": 49.09234411996843
      },
      "mmlu": 24.305654465175902,
      "gsm8k": null,
      "humaneval": 0.0,
      "arc_challenge": 25.51194539249147,
      "arc_easy": 25.673400673400675,
      "boolq": 60.0611620795107,
      "piqa": 51.36017410228509,
      "hellaswag": 26.120294761999602,
      "openbookqa": 29.799999999999997,
      "lambada_openai": 0.0,
      "winogrande": 49.09234411996843,
      "zeroshot_avg": 33.452415141207,
      "_complete": true
    }
  }
}