{
  "model": "Qwen/Qwen2.5-7B-Instruct",
  "mode": "nn_lut_256",
  "table1": {
    "nn_lut_256": {
      "wikitext2_ppl": 10.5370512008667,
      "_done": [
        "arc_challenge",
        "arc_easy",
        "boolq",
        "gsm8k",
        "hellaswag",
        "humaneval",
        "lambada_openai",
        "mmlu",
        "openbookqa",
        "piqa",
        "ppl",
        "winogrande"
      ],
      "zeroshot_detail": {
        "arc_challenge": 56.31399317406144,
        "arc_easy": 79.12457912457911,
        "boolq": 83.24159021406727,
        "piqa": 76.550598476605,
        "hellaswag": 75.29376618203545,
        "openbookqa": 47.4,
        "lambada_openai": 61.34290704444013,
        "winogrande": 66.5351223362273
      },
      "mmlu": 67.01324597635664,
      "gsm8k": null,
      "humaneval": 42.68292682926829,
      "arc_challenge": 56.31399317406144,
      "arc_easy": 79.12457912457911,
      "boolq": 83.24159021406727,
      "piqa": 76.550598476605,
      "hellaswag": 75.29376618203545,
      "openbookqa": 47.4,
      "lambada_openai": 61.34290704444013,
      "winogrande": 66.5351223362273,
      "zeroshot_avg": 68.22531956900197,
      "_complete": true
    }
  }
}