{
  "model": "Qwen/Qwen3-30B-A3B",
  "mode": "nli_eda",
  "table1": {
    "nli_eda": {
      "mmlu": 77.8806437829369,
      "gsm8k": null,
      "humaneval": 30.48780487804878,
      "zeroshot_avg": 70.42744981931313,
      "wikitext2_ppl": 7.763503551483154,
      "zeroshot_detail": {
        "arc_challenge": 56.31399317406144,
        "arc_easy": 79.46127946127946,
        "boolq": 88.68501529051987,
        "piqa": 80.68552774755169,
        "hellaswag": 77.63393746265685,
        "openbookqa": 45.4,
        "lambada_openai": 64.75839316902776,
        "winogrande": 70.48145224940805
      }
    }
  }
}