{
  "model": "Qwen/Qwen3-30B-A3B",
  "mode": "nli",
  "table1": {
    "nli": {
      "mmlu": 77.55305512035324,
      "gsm8k": null,
      "humaneval": 32.926829268292686,
      "zeroshot_avg": 70.1840993436216,
      "wikitext2_ppl": 7.780797958374023,
      "zeroshot_detail": {
        "arc_challenge": 56.22866894197952,
        "arc_easy": 79.54545454545455,
        "boolq": 88.77675840978593,
        "piqa": 80.35908596300327,
        "hellaswag": 77.51443935471022,
        "openbookqa": 44.0,
        "lambada_openai": 64.40908208810401,
        "winogrande": 70.63930544593529
      }
    }
  }
}